Human Emotions,Emotion Value from the Video
Angry,2.759999999999998
Disgust,0.0
Fear,15.869999999999996
Happy,2.2499999999999973
Sad,22.03
Surprise,5.119999999999992
Neutral,42.790000000000006
