Human Emotions,Emotion Value from the Video
Angry,7.5599999999999365
Disgust,0.0
Fear,112.81
Happy,54.38999999999999
Sad,103.66999999999992
Surprise,30.280000000000015
Neutral,206.60999999999984
