Human Emotions,Emotion Value from the Video
Angry,4.539999999999987
Disgust,0.0
Fear,19.68999999999999
Happy,10.109999999999996
Sad,32.85999999999998
Surprise,9.119999999999981
Neutral,83.61000000000004
