Human Emotions,Emotion Value from the Video
Angry,2.5499999999999967
Disgust,0.0
Fear,10.469999999999994
Happy,4.020000000000001
Sad,5.899999999999998
Surprise,1.1600000000000004
Neutral,36.92999999999999
