Human Emotions,Emotion Value from the Video
Angry,2.339999999999999
Disgust,0.0
Fear,15.150000000000002
Happy,2.219999999999999
Sad,20.939999999999994
Surprise,4.309999999999999
Neutral,21.980000000000004
