Human Emotions,Emotion Value from the Video
Angry,2.6899999999999955
Disgust,0.0
Fear,44.96000000000003
Happy,29.259999999999994
Sad,5.249999999999995
Surprise,23.55000000000002
Neutral,43.17000000000002
