Human Emotions,Emotion Value from the Video
Angry,1.5500000000000007
Disgust,0.0
Fear,9.120000000000001
Happy,0.41
Sad,23.869999999999994
Surprise,4.089999999999998
Neutral,27.960000000000004
