Human Emotions,Emotion Value from the Video
Angry,3.2599999999999985
Disgust,0.0
Fear,18.429999999999993
Happy,1.3200000000000005
Sad,19.539999999999992
Surprise,3.369999999999999
Neutral,33.1
