Human Emotions,Emotion Value from the Video
Angry,2.4399999999999973
Disgust,0.0
Fear,14.78
Happy,0.6900000000000004
Sad,13.579999999999997
Surprise,11.889999999999993
Neutral,22.54
