Human Emotions,Emotion Value from the Video
Angry,4.909999999999993
Disgust,0.0
Fear,10.029999999999994
Happy,12.109999999999996
Sad,23.76
Surprise,5.549999999999997
Neutral,50.63999999999999
