Human Emotions,Emotion Value from the Video
Angry,4.629999999999988
Disgust,0.0
Fear,23.189999999999994
Happy,5.4699999999999935
Sad,36.529999999999994
Surprise,23.48000000000002
Neutral,59.590000000000046
