Human Emotions,Emotion Value from the Video
Angry,1.1200000000000006
Disgust,0.0
Fear,9.689999999999996
Happy,3.1200000000000006
Sad,16.95
Surprise,5.699999999999998
Neutral,39.38
