Human Emotions,Emotion Value from the Video
Angry,2.22
Disgust,0.0
Fear,9.349999999999996
Happy,0.5200000000000002
Sad,14.229999999999997
Surprise,3.559999999999999
Neutral,34.05
