Human Emotions,Emotion Value from the Video
Angry,1.5600000000000007
Disgust,0.0
Fear,8.649999999999999
Happy,0.7500000000000001
Sad,5.150000000000001
Surprise,2.0399999999999996
Neutral,20.82
