Human Emotions,Emotion Value from the Video
Angry,5.319999999999996
Disgust,0.18000000000000002
Fear,18.810000000000006
Happy,3.8599999999999977
Sad,13.100000000000001
Surprise,8.899999999999993
Neutral,25.839999999999993
