Human Emotions,Emotion Value from the Video
Angry,2.88
Disgust,0.0
Fear,10.259999999999998
Happy,2.3800000000000003
Sad,8.22
Surprise,2.3599999999999994
Neutral,22.869999999999997
